Nome Escola,Contato,Rua,Bairro,Lote,"nm_bai,C,80",Longitude (X),Latitude(Y)
Centro de Educação Infantil Raboni,   328775,RUA CAPRI,JARDIM EUROPA,        539,Jd Europa,679890.0,8152314.0
EM Jornalista jaime Camera,   357738,RUA DAS DRACENAS,RESIDENCIAL JARDINS DO CERRADO 4,          0,Res Jardins do Cerrado 4,667486.0,8156784.0
CMEI Alegria de Aprender,   329922,RUA JC48,JARDIM CURITIBA,        102,Jd Curitiba,678129.0,8163993.0
EM AYRTON SENNA,   329831,AVE DO POVO,JARDIM CURITIBA,          0,Jd Curitiba,677582.0,8163274.0
CRECHE E EDUCANDARIO ESPIRITA CASA DO CAMINHO,   321074,AVE CENTRAL,JARDIM CURITIBA,          0,Jd Curitiba,677622.0,8163314.0
CRECHE VÓ MARIA DE NAZARETH,   329824,AVE DO POVO,JARDIM CURITIBA,0.0,Jd Curitiba,676829.0,8162758.0
EM PROFESSOR PAULO FREIRE,   329814,RUA JC3,JARDIM CURITIBA,          0,Jd Curitiba,677100.0,8162541.0
CMEI CANTINHO DO SABER,   329818,RUA VM4A,SETOR NOVO PLANALTO,          0,S Novo Planalto,677091.0,8161404.0
EM GO-04,   329824,AL DOS CIPRESTES,SITIO DE R DOS BANDEIRANTES,          0,Sir dos Bandeirantes,674011.0,8163494.0
EM SÃO JOSÉ,   359346,RUA CP15,CONJUNTO PRIMAVERA,          0,Cj Primavera,673638.0,8165027.0
CMEI JARDIM CURITIBA,   329824,AVE DO POVO,JARDIM CURITIBA,          0,Jd Curitiba,677808.0,8163692.0
CMEI BEIJA FLOR II,   359523,RUA SC32,BAIRRO SAO CARLOS,          0,Bro S?úo Carlos,676115.0,8164592.0
EM NOVA CONQUISTA,   359587,TR 1,SETOR PARQUE TREMENDAO,          0,S Parque Tremend?úo,678187.0,8162264.0
EM OD?ìLIA MENDES DE BRITO,   359566,RUA VM4A,SETOR NOVO PLANALTO,        351,S Novo Planalto,677059.0,8161371.0
ESCOLA ESPIRITA PIETRO UBALDI,   359599,RUA SC32,BAIRRO SAO CARLOS,          0,Bro S?úo Carlos,676076.0,8164563.0
EM PROFESSOR ARISTOCLIDES TEIXEIRA,   320542,RUA MARACANA,VILA JARDIM POMPEIA,          0,Vl Jardim Pomp?®ia,687557.0,8162488.0
EM BERNARDO ELIS,   329844,RUA SC33,BAIRRO SAO CARLOS,          0,Bro S?úo Carlos,675816.0,8164450.0
EM MARIA CLARA MACHADO,,RUA A7,BAIRRO DA VITORIA,          0,Bro da Vit??ria,676193.0,8163985.0
EM MARIA DA TERRA,   329824,RUA BF1A,BAIRRO FLORESTA,          0,Bro Floresta,677670.0,8165203.0
EM NOSSA SENHORA DA TERRA,   329840,RUA JC66,JARDIM CURITIBA,          0,Jd Curitiba,677823.0,8164631.0
CENTRO PROMOCIONAL TODOS OS SANTOS II,   357600,RUA GASPAR SILVEIRA MARTINS,BAIRRO CAPUAVA,          0,Bro Capuava,679494.0,8157760.0
CMEI VIVENDO E APRENDENDO,   329982,RUA JANUARIO DA CUNHA BARBOSA,BAIRRO CAPUAVA,          0,Bro Capuava,678344.0,8157811.0
CENTRO PROMOCIONAL TODOS OS SANTOS I,   329726,RUA PRUDENTE,BAIRRO CAPUAVA,          0,Bro Capuava,678857.0,8157297.0
CRECHE MEIMEI,   320682,RUA SANTIAGO,JARDIM NOVO MUNDO,        178,Jd Novo Mundo,690200.0,8156364.0
CENTRO PROMOCIONAL TODOS OS SANTOS III,   358112,RUA MANOEL PRETO,BAIRRO CAPUAVA,        350,Bro Capuava,679293.0,8157758.0
EM MOISÉS SANTANA,   329512,AVE RAPOSO TAVARES,BAIRRO CAPUAVA,         33,Bro Capuava,679363.0,8157034.0
CMEI HERDEIROS DO FUTURO,   329758,RUA PEDRO ARAUJO LIMA,BAIRRO CAPUAVA,          0,Bro Capuava,678489.0,8157766.0
CMEI SETOR SANTOS DUMONT,   329758,AVE EPHRAIM DE MORAIS,SETOR SANTOS DUMONT,          0,S Santos Dumont,676712.0,8158291.0
EM D. ANGELINA PUCCI LIMONGI,   329728,RUA 7,SETOR SANTOS DUMONT,        450,S Santos Dumont,677001.0,8158413.0
ESCOLA DIREITO DO SABER - CECOM,   329710,RUA 15,SETOR SANTOS DUMONT,        293,S Santos Dumont,677894.0,8159220.0
CRECHE COMUNIDADE CORUJA,   329531,RUA CANA BRAVA,BAIRRO NOSSA SENHORA DE FATIMA,         50,Bro Nossa Senhora de F?ítima,679319.0,8154504.0
CMEI RECANTO INFANTIL,   329352,RUA 8,VILA SANTA TEREZA,          0,Vl Santa Tereza,681651.0,8155119.0
EM ARCEBISPO DOM EMMANUEL,   329227,RUA 1,SETOR CASTELO BRANCO,        496,Vl Aurora,681224.0,8155406.0
EM OSTERNO POTENCIANO E SILVA,   329223,RUA 11,SETOR CASTELO BRANCO,        285,Vl Santa Tereza,681538.0,8154872.0
EM CORONEL JOSÉ VIANA ALVES,   329736,RUA CM7,SETOR CANDIDA DE MORAIS,        150,S Candida de Morais,678197.0,8158560.0
CMEI MÃE TINA,35241983,RUA 6,SETOR CENTRO OESTE,0,,684157.0,8157326.0
CMAI BRASIL DI RAMOS CAIADO,   329541,RUA LEAO XIII,BAIRRO RODOVIARIO,          1,Bro Rodovi?írio,680337.0,8155924.0
CENTRO COMUNITARIO DE EDUC. INFANTIL SÃO CRISTOVO,   329525,RUA DOS MISSIONARIOS,BAIRRO RODOVIARIO,       1125,Bro Rodovi?írio,680095.0,8156062.0
CMEI JARDIM PRIMAVERA,   358152,AVE COMERCIAL,CONJUNTO PRIMAVERA,          0,Cj Primavera,673523.0,8165239.0
EM ABRÃO RASSI,   355833,RUA C11,VILA NOVA CANAA,         50,Vl Nova Cana?ú,679715.0,8154063.0
EM LIONS CLUBE GOIANIA TOCANTINS,   328449,RUA COLOMBIA,VILA MARIA LUIZA,          0,Vl Maria Luiza,689705.0,8154119.0
CENTRO DE EDUCACAO INFANTIL PEDACINHO DO CEU,   328776,AVE C12,SETOR SUDOESTE,          0,S Sudoeste,681338.0,8153262.0
CENTRO DE EDUCACAO INFANTIL QUERUBINS,   324187,RUA C99,SETOR SUDOESTE,         12,S Sudoeste,680711.0,8152506.0
EM JARBAS JAYME,   328746,RUA C75,SETOR SUDOESTE,        243,S Sudoeste,680590.0,8152463.0
EM PROFESSOR LOURENÇO FERREIRA CAMPOS,   320750,RUA GB11,JARDIM GUANABARA II,         60,Jd Guanabara II,690497.0,8162514.0
EM PEDRO COSTA DE MEDEIROS,   320727,RUA CARAVELA,JARDIM GUANABARA,        240,Jd Guanabara,690012.0,8161585.0
CMEI JARDIM GUANABARA I,   320715,RUA JUIZ DE FORA,JARDIM GUANABARA,          0,Jd Guanabara,690851.0,8161274.0
CMEI MINERVINA MARIA DE SOUSA ANTIGO RECANTO MG,35247314,RUA SR38,SETOR RECANTO DAS MINAS GERAIS,0,,693977.0,8158781.0
CENTRO DE EDUCACAO INFANTIL MENINO JESUS,   320750,RUA SANTA CATARINA,JARDIM GUANABARA,       1665,Jd Guanabara,690385.0,8161491.0
EM PROFESSORA MARILIA CARNEIRO AZEVEDO DIAS,   320734,RUA GB34,JARDIM GUANABARA III,        150,Jd Guanabara III,690058.0,8162498.0
EM MARIA ODETE AUGUSTA DE BRITO,   320748,RUA GB41,JARDIM GUANABARA III,        333,Jd Guanabara III,689749.0,8162311.0
CMEI JARDIM GUANABARA III,   320750,AVE ALVICTO OZORES NOGUEIRA,JARDIM GUANABARA III,          0,Jd Guanabara III,690176.0,8162707.0
CENTRO DE EDUCACAO INFANTIL LUZEIRO,   329513,PCA ABEL COIMBRA,BAIRRO CIDADE JARDIM,        209,Bro Cidade Jardim,680062.0,8155300.0
EM AGRIPINA TEIXEIRA MAGALH?âES,   321029,RUA SERRA DOURADA,BAIRRO JARDIM DIAMANTINA,        251,Bro Jardim Diamantina,683397.0,8159726.0
CEI - CASA DA CRIANCA JOSEFA LOPES,   328614,RUA C159,BAIRRO JARDIM AMERICA,          0,Bro Jardim Am?®rica,682216.0,8151212.0
CENTRO DE EDUCACAO INFANTIL EFIC?üCIA,   324187,PCA C221,BAIRRO JARDIM AMERICA,          0,Bro Jardim Am?®rica,0.0,0.0
CENTRO DE EDUCACAO INFANTIL SANTA LUZIA,   328635,RUA C187,BAIRRO JARDIM AMERICA,         75,Bro Jardim Am?®rica,682204.0,8152765.0
CMEI JARDIM AMERICA- NAC,   325937,PCA C164,BAIRRO JARDIM AMERICA,          0,Bro Jardim Am?®rica,682789.0,8150864.0
EM JOÃO PAULO I,   328627,RUA C169,BAIRRO JARDIM AMERICA,       1595,Bro Jardim Am?®rica,682406.0,8150422.0
CEI - JULIANA PIRES,35973477,RUA VALDIR AZEVEDO,RESIDENCIAL YTAPUA,0,,671182.0,8154430.0
EM PROF. MOACIR MONCLAR BRAND?âO,   328627,RUA C115,BAIRRO JARDIM AMERICA,         35,Bro Jardim Am?®rica,682371.0,8152600.0
EM PROFESSORA MARIA CAMARGO,   325920,RUA C152,BAIRRO JARDIM AMERICA,       1201,Bro Jardim Am?®rica,683407.0,8150762.0
ESCOLA ROTARY GOIANIA OESTE,   328627,RUA C118,BAIRRO JARDIM AMERICA,        389,Bro Jardim Am?®rica,682176.0,8152155.0
EM JALLES MACHADO DE SIQUEIRA,   328221,RUA ARUANA,JARDIM BELA VISTA,         61,Jd Bela Vista,688146.0,8149106.0
EM DEPUTADO JAMEL CEC?ìLIO,   328951,AVE PEDRO LUDOVICO TEIXEIRA,JARDIM VILA BOA,        777,Jd Vila Boa,678841.0,8149442.0
CMEI CONJUNTO VERA CRUZ II,   329870,RUA ARY BARROSO,CONJUNTO VERA CRUZ,          0,Cj Vera Cruz,672237.0,8155082.0
CMEI CONJUNTO VERA CRUZ VI,   359370,RUA VC46,CONJUNTO VERA CRUZ,          0,Cj Vera Cruz,672500.0,8155614.0
CMEI CRIANÇA FELIZ,   359393,RUA VC3,CONJUNTO VERA CRUZ,          0,Cj Vera Cruz,672613.0,8157414.0
EM LAURINDO SOBREIRA DO AMARAL,   329878,RUA VALDIR AZEVEDO,CONJUNTO VERA CRUZ,         63,Cj Vera Cruz,672065.0,8154397.0
EM PROFESSORA  ANTONIA  MARANHÃO DO AMARAL,   359386,AVE ARGENTINA MONTEIRO,CONJUNTO VERA CRUZ,       2131,Cj Vera Cruz,671693.0,8155772.0
ESCOLA NEIO LUCIO NACIFF,   329930,RUA PADRE ELIEZER,CONJUNTO VERA CRUZ,          0,Cj Vera Cruz,671999.0,8157142.0
EM PEDRO XAVIER TEIXEIRA,   328913,RUA D28,CONJUNTO CACHOEIRA DOURADA,          0,Cjr Cachoeira Dourada,678717.0,8150384.0
EM LORENA PARK,   357364,RUA VALENTIM CAPUZZO,LOTEAMENTO LORENA PARQUE,        250,Lot Lorena Parque,675081.0,8153156.0
EM ERNESTINA LINA MARRA,   357364,AVE FRANCISCO ALVES DE OLIVEIRA,PARQUE JOAO BRAZ - CIDADE INDUSTRI,       1300,Prq Industrial Jo?úo Braz,675913.0,8154555.0
CMEI MONTEIRO LOBATO,   357371,AVE TOQUIO,PARQUE JOAO BRAZ - CIDADE INDUSTRI,          0,Prq Industrial Jo?úo Braz,675772.0,8154260.0
CMEI 13 DE MAIO,   357310,RUA 13 DE MAIO,PARQUE JOAO BRAZ - CIDADE INDUSTRI,          0,Prq Industrial Jo?úo Braz,675702.0,8153888.0
CMEI RESIDENCIAL ALPHAVILLE,   329679,RUA ALPHA24,LOTEAMENTO ALPHAVILLE RESIDENCIAL,          0,Lot Alphaville Residencial,673086.0,8149309.0
EM VEREADOR CARLOS EURICO DE CAMARGO ALVES,   329683,AVE BACURI,PARQUE SANTA RITA,        485,Prq Santa Rita,674048.0,8150324.0
CMEI CLEMENTE RAIMUNDO SAUTHIER,   329688,AVE BACURI,PARQUE SANTA RITA,        471,Prq Santa Rita,674043.0,8150381.0
EM CASTORINA BITTENCOURT ALVES,   357363,AVE CAROLINA CANDIDA CABRAL,LOTEAMENTO CAROLINA PARQUE,          0,Lot Carolina Parque,673910.0,8153511.0
EM HONESTINO MONTEIRO GUIMAR?âES,   329679,RUA PROFESSOR J FERREIRA DA CUNHA,JARDIM ARITANA,        115,Jd Aritana,673301.0,8150876.0
CMEI CONDOMINÍO RIO BRANCO,   325673,RUA ORIENTE,CONDOMINIO RIO BRANCO,          0,Con Rio Branco,673239.0,8151201.0
CRECHE SAO JUDAS TADEU,   329179,RUA 242,SETOR COIMBRA,        132,S Coimbra,683054.0,8155481.0
EM CESAR DA CUNHA BASTOS,   357364,RUA BENEDITO CANDIDO PEREIRA,LOTEAMENTO SOLANGE PARQUE I,        451,Lot Solange Parque I,675425.0,8152870.0
CMEI CECÍLIA MEIRELES,   321268,RUA SNF5,SETOR NORTE FERROVIARIO II,          0,S Norte Ferrovi?írio II,685505.0,8157640.0
CENTRO DE APOIO EDUC COM. JESUS CRISTO E HUMILDADE,   321157,AVE DOS FERROVIARIOS,SETOR NORTE FERROVIARIO,        293,S Norte Ferrovi?írio,685130.0,8157393.0
CRECHE CAETANO FOGLIA,   321157,RUA 5,SETOR NORTE FERROVIARIO,          0,S Norte Ferrovi?írio,685333.0,8157467.0
EM TARGINO DE AGUIAR,   329622,AL CAMARA FILHO,PARQUE OESTE INDUSTRIAL,          0,Prq Oeste Industrial,678374.0,8152736.0
EM ELI BRASILIENSE,   357363,RUA DONA CAROLINA,RESIDENCIAL GOIANIA VIVA,        151,Res Goi?ónia Viva,676159.0,8153670.0
CMEI GOIÂNIA VIVA,   357371,RUA GV23,RESIDENCIAL GOIANIA VIVA,          0,Res Goi?ónia Viva,676027.0,8153167.0
EM DOM FERNANDO GOMES DOS SANTOS,   357371,AL PARQUE TAQUARAL,RESIDENCIAL GOIANIA VIVA,        464,Res Goi?ónia Viva,676171.0,8153192.0
EM BARBARA DE SOUZA MORAIS,   328425,AVE URUGUAIANA,JARDIM NOVO MUNDO,         42,Jd Novo Mundo,688633.0,8153918.0
CRECHE UNIÃO DAS PIONEIRAS DE GOIÂNIA,   320617,RUA BOGOTA,JARDIM NOVO MUNDO,        700,Jd Novo Mundo,690446.0,8156270.0
CRECHE CASA DO CAMINHO,39960072,RUA C152,BAIRRO JARDIM AMERICA,719,,683270.0,8151221.0
EM BOM JESUS,   320638,PCA WASHINGTON,JARDIM NOVO MUNDO,        339,Jd Novo Mundo,690291.0,8155789.0
CENTRO DE EDUCAÇÃO INFANTIL DO ABRIGO NOSSO LAR,   394552,RUA ANAPOLIS,JARDIM NOVO MUNDO,        231,Jd Novo Mundo,689038.0,8153838.0
CENTRO DE EDUCAÇÃO INFANTIL ESPIRITA VOVO MECA,   328981,RUA SANTA LUZIA,SETOR RIO FORMOSO,          0,S Rio Formoso,678111.0,8150745.0
EM RESIDENCIAL MONTE CARLO,   328920,RUA MC3,RESIDENCIAL MONTE CARLO,         46,Res Monte Carlo,677206.0,8149935.0
EM PROFESSOR DEUSHAYDES RODRIGUES DE OLIVEIRA,   328775,RUA CP26,LOTEAMENTO CELINA PARK,        125,Lot Celina Park,678786.0,8152295.0
EM LIONS CLUBE BANDEIRANTES,   329622,PCA DA BANDEIRA,BAIRRO GOIA,        200,Bro Goi?í,678136.0,8154282.0
CMEI CORA CORALINA,   329611,RUA BARAO DE MAUA,BAIRRO GOIA,          0,Bro Goi?í,677950.0,8154275.0
EM WATERLOO PRUDENTE,   329633,AVE FELIPE CAMARAO,BAIRRO GOIA,        774,Bro Goi?í,677714.0,8154513.0
CMEI VILA SANTA RITA - NAC,   329585,RUA FORMOSA,BAIRRO INDUSTRIAL MOOCA,        704,Bro Industrial Mooca,679480.0,8155388.0
CMEI MATEUS BARCELOS BARRETOS,   328905,AVE BARAO DO RIO BRANCO,JARDIM VILA BOA,        656,Jd Vila Boa,679302.0,8149576.0
EM PROF. PERCIVAL XAVIER REBELO,   328924,RUA B16,SETOR NOVO HORIZONTE,        101,S Novo Horizonte,679338.0,8150578.0
CEI - LAR FABIANO DE CRISTO,32971412,RUA 40,SETOR SANTOS DUMONT,762,,677683.0,8158653.0
CRECHE METODISTA,   328916,AL DAS PALMEIRAS,SETOR NOVO HORIZONTE,        278,S Novo Horizonte,679298.0,8151279.0
EM EVA VIEIRA DE ALMEIDA,   328755,RUA ROVIGO,VILA ALVORADA,        280,Vl Alvorada,680346.0,8152292.0
CMEI BAIRRO GOIÁ,   329614,AVE NIZIA FLORESTA,BAIRRO GOIA,          0,Bro Goi?í 2,678331.0,8154841.0
CENTRO DE EDUCACAO INFANTIL SEMENTES DE AMOR,   324187,RUA SC18,PARQUE SANTA CRUZ,         14,Prq Santa Cruz,689541.0,8149405.0
CMEI BEM ME QUER,   320365,AVE DESEMBARGADOR EMILIO F POVOA,VILA MEGALE,        700,Vl Megale,685569.0,8158062.0
EM SEBASTIÃO ARANTES,   328273,RUA CARAMURU,JARDIM DA LUZ,        150,Jd da Luz,687743.0,8149959.0
CENTRO DE EDUCACAO INFANTIL PALTI,   328214,RUA ALMIRANTE BARROSO,JARDIM DA LUZ,        520,Jd da Luz,687958.0,8149661.0
EM PROFESSORA  EDNA DE ROURE,   329174,RUA DO MERCADO,VILA IRANY,         89,S Campinas,682111.0,8157373.0
EM MARIA HELENA BATISTA BRETAS,   321028,RUA MARAJO,SETOR URIAS MAGALHAES,         85,S Urias Magalh?úes,684342.0,8159328.0
CMEI PROFESSORA DARLY,   353432,AVE SOLAR,SETOR URIAS MAGALHAES,          0,S Urias Magalh?úes,684213.0,8159670.0
CMEI TIO OSCAR,   321032,RUA DO PRATA,SETOR URIAS MAGALHAES,         51,S Urias Magalh?úes,683965.0,8159981.0
CMEI BAIRRO FELIZ,   320249,AVE LAURICIO PEDRO RASMUSSEN,BAIRRO FELIZ,          0,Vl Colemar Natal e Silva,688945.0,8156566.0
CMEI ANDREIA CRISTINA,   358861,AVE JORGE CAMARGO,SETOR BOA SORTE,          0,S Maria Celeste,675759.0,8145852.0
CENTRO DE EDUCACAO INFANTIL JANELA DO FUTURO,   324187,AVE B,VILA MORAIS,         60,Vl Moraes,689272.0,8156281.0
EM ALICE COUTINHO,   320638,RUA 16,VILA MORAIS,        400,Vl Moraes,689555.0,8156694.0
CENTRO DE EDUCACAO INFANTIL IRMÃ SCHEILLA,   328126,RUA CARAMURU,JARDIM DA LUZ,          0,S Sul,686606.0,8153090.0
CMEI PRIMEIROS PASSOS,   321338,RUA 84A,SETOR SUL,          0,S Sul,686211.0,8154395.0
INSTITUTO MARIA AUXILIADORA,   309503,PCA COMENDADOR GERMANO RORIZ,SETOR SUL,        275,S Sul,686330.0,8153817.0
CENTRO DE EDUCAÇÃO INFANTIL FRANCISCA DE LIMA,   324154,RUA 84A,SETOR SUL,        103,S Sul,685975.0,8154310.0
CMEI SANTA LUZIA,   321016,RUA UM2,SETOR URIAS MAGALHAES II,          0,S Urias Magalh?úes II,684986.0,8159741.0
EM PROFESSORA AMLIA FERNANDES MARTINS,   328269,RUA OCANAN,PARQUE ACALANTO,         50,Prq Acalanto,688860.0,8149155.0
ESCOLA GOVERNADOR OLINTO DE PAULA LEITE,   328280,AVE VIRGILIO JOAQUIM FERREIRA,PARQUE FLAMBOYANT,          0,Res Parque Flamboyant,689744.0,8148613.0
CMEI VILA LEGIONARIAS - NAC,   327890,RUA AMARAL,VILA LEGIONARIAS,          0,Vl Legion?írias,688369.0,8149313.0
EM MARECHAL RIBAS JUNIOR,   328268,RUA R5,VILA REDENCAO,        201,Vl Reden?º?úo,687283.0,8150252.0
CMEI TIO ROMÃO,   327885,AL EMILIO POVOA,VILA REDENCAO,         75,Vl Reden?º?úo,687531.0,8150944.0
CMEI COLEMAR NATAL E SILVA,   328283,AVE DOM FERNANDO,CHACARA DO GOVERNADOR,        550,Ch do Governador,689255.0,8149592.0
CENTRO DE EDUCACAO INFANTIL RENASCER,   328220,AVE DOM FERNANDO,CHACARA DO GOVERNADOR,        925,Ch do Governador,689899.0,8149785.0
EM ZEVERA ANDREA VECCI,   328269,RUA 1,CONJUNTO FABIANA,        150,Cj Fabiana,690267.0,8149352.0
EM SANTA RITA DE CASSIA,   324970,- -,ZONA RURAL,          0,Ch Vau das Pombas,695587.0,8142897.0
CMEI TIA JOVITA,   320814,AVE PARACATU,VILA PEDROSO,        694,Vl Pedroso,694028.0,8157022.0
EM MARIA CANDIDA FIGUEIREDO,   320813,AVE BRASIL,VILA PEDROSO,          0,Vl Pedroso,693660.0,8157097.0
EM MADRE FRANCISCA,   320825,AVE CENTRAL,VILA PEDROSO,          0,Vl Pedroso,694004.0,8157262.0
ESCOLA ESPIRITA ALLAN KARDEC,   320816,RUA PEDRO BRANT,BAIRRO SANTO HILARIO COMPLEMENTO,          2,Prq das Amendoeiras,693273.0,8157799.0
EM VICENTE RODRIGUES DO PRADO,   320814,RUA VIEIRA DA CUNHA,PARQUE DAS AMENDOEIRAS,         18,Prq das Amendoeiras,693033.0,8157784.0
NUCLEO EDUCACIONAL MAE DOLOROSA,   320810,AVE ANAPOLIS,VILA PEDROSO,          0,Gleba,692621.0,8157183.0
EM PEDRO CIRIACO DE OLIVEIRA,   320826,RUA LUIZ DO COUTO,VILA CONCORDIA,        169,Vl Conc??rdia,693301.0,8156726.0
EM VIRGINIA GOMES PEREIRA,   320825,AVE HILARIO SEBASTIAO DE FIGUEREDO,BAIRRO SANTO HILARIO II,       1101,Bro Santo Hil?írio II,691651.0,8157884.0
EM PROF. JOSE DECIO FILHO,   320826,RUA PROF. MARIA JACINTA NEVES,BAIRRO SANTO HILARIO,        100,Bro Santo Hil?írio,692914.0,8158631.0
CMEI BAIRRO SANTO HILÁRIO,   320814,RUA JOAO MOTA FILHO,BAIRRO SANTO HILARIO,          0,Bro Santo Hil?írio,692270.0,8158183.0
EM SENADOR DARCY RIBEIRO,   320881,RUA SR38,SETOR RECANTO DAS MINAS GERAIS,          0,S Recanto das Minas Gerais,693950.0,8158694.0
CMEI JARDIM MARILIZA,   327326,RUA JARINA,JARDIM MARILIZA,          0,Jd Mariliza,691872.0,8148725.0
CMEI PARQUE ATHENEU,   327321,AVE PARQUE ATENEU,PARQUE ATHENEU,          0,Prq Atheneu,691985.0,8147192.0
CMEI ATHENEU DOM BOSCO,   327308,RUA AT10 UNIDADE 303,PARQUE ATHENEU,          0,Prq Atheneu,692530.0,8147541.0
EM MARIA ARAUJO DE FREITAS,   328481,RUA 203 UNIDADE 203,PARQUE ATHENEU,          0,Prq Atheneu,692143.0,8147991.0
EM PADRE ZEZINHO,   328482,RUA 2032 UNIDADE 203,PARQUE ATHENEU,          0,Prq Atheneu,692625.0,8147821.0
INSTITUTO SANTA MONICA DE PROT E ASSIST A INFANCIA,   327316,RUA 2071 UNIDADE 207,PARQUE ATHENEU,          0,Prq Atheneu,692787.0,8148215.0
EM JOSÉ ALVES VILA NOVA,   328489,RUA 102 UNIDADE 103,PARQUE ATHENEU,          0,Prq Atheneu,691582.0,8148068.0
EM ARY RIBEIRO VALADÃO FILHO,   328438,RUA AP3,CONJUNTO HABITACIONAL ARUANA III,        358,Cj Habitacional Aruan?ú III,691908.0,8154710.0
EM PROFESSORA SILENE DE ANDRADE,   328435,RUA JAVAES,CONJUNTO HABITACIONAL ARUANA I,        250,Cj Habitacional Aruan?ú I,691463.0,8153696.0
EM WILMAR DA SILVA GUIMAR?âES,   328434,RUA J3,CONJUNTO HABITACIONAL ARUANA I,          0,Cj Habitacional Aruan?ú I,691513.0,8153920.0
CMEI JARDIM DAS AROEIRAS,   320828,AVE DAS AROEIRAS,JARDIM DAS AROEIRAS,          0,Jd Aroeiras,692422.0,8156975.0
EM BENEDITO SOARES DE CASTRO,   320263,RUA PROFESSORA GABRIELA NEVES,CONJUNTO CAICARA,         50,Cj Cai?ºara,690816.0,8158168.0
CMEI CRISTIANO EMIDIO MARTINS,   328426,RUA X10,JARDIM BRASIL,          0,Jd Brasil,690473.0,8153290.0
CMEI DOMICIANO DE FARIA,   357568,RUA EF16,RESIDENCIAL ELI FORTE,          0,Res Eli Forte,675601.0,8148980.0
CMEI PROFESSORA NAIR LACERDA JUBE BORGES,   357826,RUA 30,CONDOMINIO DAS ESMERALDAS,          0,S das Esmeraldas,674829.0,8143539.0
EM ENG. ROBINHO MARTINS DE AZEVEDO,   328873,RUA BL1,CONJUNTO HABITACIONAL BALIZA,          0,Cj Baliza,674947.0,8144764.0
CMEI RESIDENCIAL ITAIPU,   328876,RUA RI30,RESIDENCIAL ITAIPU,          0,Res Itaip??,673774.0,8143298.0
EM RESIDENCIAL ITAIPU,   328878,RUA RI24,RESIDENCIAL ITAIPU,          0,Res Itaip??,673929.0,8143414.0
EM LUZIA DE SOUZA FIUZA,   328874,RUA W10,JARDIM ITAIPU,          0,Jd Itaipu,674476.0,8144068.0
EM JOÃO VIEIRA DA PAIXAO,   357581,RUA SB14,RESIDENCIAL SOLAR BOUGAINVILLE,          0,Res Solar Bougainville,674550.0,8149505.0
EM MONTEIRO LOBATO,   328824,RUA SALUTE PAVAN PETROLLI,SETOR ORIENTVILLE,          0,S OrientVille,675150.0,8147118.0
CMEI JOAO VAZ,   329515,VLA VITORIA,VILA JOAO VAZ,          0,Vl Jo?úo Vaz,679861.0,8157844.0
EM PRESIDENTE VARGAS,   329541,AVE SAO LUIZ,VILA JOAO VAZ,        100,Vl Jo?úo Vaz,679706.0,8157791.0
EM PEDRO GOMES DE MENEZES,   329711,RUA MANOEL SILVA,VILA REGINA,        290,Vl Regina,677919.0,8157651.0
EDUCANDARIO ESPIRITA EURIPEDES BARSANULFO,   329731,RUA DOM PEDRO II,JARDIM NOVA ESPERANCA,       1140,Jd Nova Esperan?ºa,678696.0,8159580.0
EM JARDIM NOVA ESPERANÇA,   359741,RUA JARDIM,JARDIM NOVA ESPERANCA,        550,Jd Nova Esperan?ºa,678540.0,8158983.0
EM EVANGELINA PEREIRA DA COSTA,   329716,EST 115,CHACARA DE RECREIO SAO JOAQUIM,        317,Ch de Recreio S?úo Joaquim,675970.0,8159915.0
CMEI RECANTO DAS GARÇAS,   357718,RUA OTHON GALDINO,RESIDENCIAL RECANTO DAS GARCAS,          0,Res Recanto das Gar?ºas,672099.0,8159261.0
EM PROF. HILARINDO ESTEVAM DE SOUZA,   329930,AVE ELIZABETH MARQUES,PARQUE BURITI,        133,Prq Buriti,671533.0,8159116.0
EM MANOEL JACINTHO COELHO (ANT. JD. CERRADO VI),35777817,RUA JC103,RESIDENCIAL JARDINS DO CERRADO 6,1,,667114.0,8155918.0
EM ANA DAS NEVES DE FREITAS,   328221,RUA C6,PARQUE DAS LARANJEIRAS,         99,Prq das Laranjeiras,689020.0,8150135.0
INSTITUTO EDUCACIONAL BOA NOVA,   324926,RUA SC1,PARQUE SANTA CRUZ,          0,Prq Acalanto,689085.0,8149331.0
CENTRO DE EDUCACAO INFANTIL BETEL,   324187,RUA SC3,PARQUE SANTA CRUZ,        122,Prq Santa Cruz,689685.0,8149315.0
CMEI OITO DE MARÇO,   321260,RUA 82,SETOR CENTRAL,          0,S Central,686090.0,8154892.0
EM CEL. GETULINO ARTIAGA,   320223,RUA PROF JOAO HENRIQUE GONCALVES,SETOR LESTE VILA NOVA,        380,S Leste Vila Nova,686816.0,8157077.0
CEI -  DOROTHEA RIBEIRO GUIMARÃES,   309386,RUA 201,SETOR LESTE VILA NOVA,        176,S Leste Vila Nova,686777.0,8156086.0
CENTRO DE EDUCACAO INFANTIL ANJULIA FRANCO,   320208,RUA CEL. COSME,VILA CORONEL COSME,        370,S Leste Vila Nova,688036.0,8157046.0
ESCOLA LAR PIO XII,   327147,AVE SAO CLEMENTE,SETOR SAO JOSE,        591,S Oeste,684529.0,8154887.0
CEI OBRA DO BERÇO,32616070,AVE DECIMA PRIMEIRA,SETOR LESTE VILA NOVA,          3,S Leste Vila Nova,686718.0,8156397.0
RENASCER DA SOCIEDADE PESTALOZZI DE GOIÂNIA,   351556,RUA A,SETOR LESTE VILA NOVA,        561,S Leste Vila Nova,687879.0,8156547.0
CMEI CRIANÇA CIDADÃ,   320691,RUA 238,SETOR LESTE UNIVERSITARIO,          0,S Leste Universit?írio,687939.0,8154711.0
CRECHE CASA ALVORADA CRISTA,   326195,RUA CANDIDO NAVES,SETOR NEGRAO DE LIMA,          0,S Negr?úo de Lima,687316.0,8157736.0
EM DONATA MONTEIRO DA MOTTA,   320315,RUA DESEMBARGADOR VICENTE M ABREU,SETOR CRIMEIA LESTE,          0,Vl Megale,685581.0,8158117.0
EM LAURICIO PEDRO RASMUSSEM,   320218,RUA L3,BAIRRO FELIZ,        250,Bro Feliz,688890.0,8156927.0
EM FRANCISCO MATIAS,   357921,RUA CARLOS GOMES,PARQUE ANHANGUERA,        180,Prq Anhang??era,681411.0,8150238.0
CENTRO DE EDUCACAO INFANTIL PAGIEL,   357923,RUA COELHO NETO,BAIRRO ANHANGUERA,        266,Bro Anhang??era,681169.0,8150475.0
EM JAIME CÂMARA,   357914,RUA GRANADA,JARDIM EUROPA,        140,Jd Europa,680340.0,8149805.0
CENTRO DE EDUCACAO INFANTIL MENINO JESUS DE PRAGA,   395487,RUA SUICA,JARDIM EUROPA,        430,Jd Europa,679944.0,8151165.0
EM ENGENHEIRO ANTONIO FELIX DA SILVA,   328775,RUA DINAMARCA,JARDIM EUROPA,          0,Jd Europa,679857.0,8151421.0
ESCOLA ESPECIAL ASCEP,   328719,RUA PUCCINI,JARDIM EUROPA,        145,Jd Europa,679552.0,8151980.0
CMEI JARDIM EUROPA II,   327866,RUA MARSELHA,JARDIM EUROPA,          0,Jd Europa,679908.0,8151325.0
CMEI SETOR UNIAO,   328793,RUA U54,SETOR UNIAO,          0,S Uni?úo,680604.0,8151825.0
EM FREI NAZARENO CONFALONI,   328708,RUA U64,SETOR UNIAO,        141,S Uni?úo,680826.0,8151914.0
CMEI JARDIM ANA LUCIA,   327865,RUA PONTE NOVA,JARDIM ANA LUCIA,          0,Jd Ana L??cia,680173.0,8152881.0
EDUCANDARIO RAINHA DA PAZ,   325600,RUA U54,SETOR UNIAO,         90,S Uni?úo,680671.0,8151837.0
EM VILA ROSA,   328979,AVE FRANCISCO MELO,VILA ROSA,          0,Vl Rosa,681359.0,8148005.0
EM JARDIM ATLANTICO,   328031,RUA DE SAQUAREMA,JARDIM ATLANTICO,        221,Jd Atl?óntico,682369.0,8148924.0
CMEI VILA FAIÇALVILLE - NAC,   329015,RUA F20,LOTEAMENTO FAICALVILLE,          0,Lot Fai?ºalville,679920.0,8149260.0
EM OLEGARIO MOREIRA BORGES,   328934,RUA F4,LOTEAMENTO FAICALVILLE,          0,Lot Fai?ºalville,678742.0,8148694.0
CMEI JARDIM PRESIDENTE NAC,   325866,AVE PRESIDENTE DUTRA,JARDIM PRESIDENTE,          0,Jd Presidente,677857.0,8148083.0
EM PROFESSORA LEONISIA NAVES DE ALMEIDA,   351721,AVE MANGALO,SETOR MORADA DO SOL,          0,S Morada do Sol,679234.0,8162582.0
EM MARCOS ANTONIO DIAS BATISTA,   329818,AVE OTAVIO LUCIO,SETOR ESTRELA DALVA,          0,S Estrela Dalva,679295.0,8164460.0
EM NOSSA SENHORA APARECIDA,   359318,RUA BS21,BAIRRO SAO DOMINGOS,          0,Bro S?úo Domingos,677471.0,8166168.0
CMEI DA BOA PROVIDENCIA,   359322,RUA BV25,BAIRRO BOA VISTA,          0,Bro Boa Vista,676946.0,8165842.0
CMEI PEQUENO APRENDIZ,   329813,RUA VME,VILA MUTIRAO I,          0,Vl Mutir?úo I,675580.0,8161912.0
CENTRO DE EDUCACAO INFANTIL MARIA DE NAZARE,35936449,AVE ARGENTINA MONTEIRO,CONJUNTO VERA CRUZ,2671,,671754.0,8155302.0
EM ALTO DO VALE,   351794,RUA VF15,SETOR ALTO DO VALE,          0,S Alto do Vale,680031.0,8162013.0
CMEI LYGIA RASSI,   329292,RUA RB9,RESIDENCIAL RECANTO DO BOSQUE,          0,Res Recanto do Bosque,680683.0,8162908.0
CMEI BRISAS DA MATA,   351736,RUA BM15,RESIDENCIAL BRISAS DA MATA,          0,Res Brisas da Mata,680815.0,8164551.0
EM ROTARY GOIÂNIA SUL,   359592,RUA D,RESIDENCIAL PRIVE NORTE,        351,Res Priv?¬ Norte,677525.0,8161999.0
CRECHE ESPIRITA LUZ DO CAMINHO,   329475,RUA VF100,VILA FINSOCIAL,          0,Vl Finsocial,678807.0,8160403.0
EM JOEL MARCELINO DE OLIVEIRA,   351789,RUA VF57,VILA FINSOCIAL,          0,Vl Finsocial,679308.0,8160363.0
CMEI VILA FINSOCIAL I,   351787,RUA VF41,VILA FINSOCIAL,          0,Vl Finsocial,679319.0,8161303.0
EM IRMÃ VENERANDA,   351786,RUA VF25,VILA FINSOCIAL,          0,Vl Finsocial,679588.0,8161720.0
CMEI CANTINHO FELIZ,   351794,RUA VF66,VILA FINSOCIAL,          0,Vl Finsocial,679181.0,8161009.0
CMEI JARDIM LIBERDADE,   358152,RUA VMB5,JARDIM LIBERDADE,          0,Jd Liberdade,676659.0,8162296.0
EM STEPHANIA ALVES BISPO,   329814,RUA TRANSVERSAL,JARDIM LIBERDADE,          0,Jd Liberdade,676407.0,8162106.0
CMEI SARA E REBECA,   329815,RUA VMS,JARDIM LIBERDADE,          0,Jd Liberdade,676138.0,8162089.0
EM ARÃO FERNANDES DE OLIVEIRA,   329913,AVE LA PAZ,SETOR DAS NACOES,          0,S das Na?º?Áes Extens?úo,673067.0,8154597.0
ESCOLA PADRE LIMA,   320739,AVE BRASIL,BAIRRO SANTA GENOVEVA,        278,Bro Santa Genoveva,688321.0,8160273.0
EM MARIA GENOVEVA,   320420,RUA PECUARIA,BAIRRO SANTA GENOVEVA,        351,Bro Santa Genoveva,687604.0,8159959.0
EM SANTO ANTÔNIO,   320627,RUA ASA8,SETOR ASA BRANCA,        148,S Asa Branca,691031.0,8162886.0
CENTRO DE EDUCACAO INFANTIL PRODIGIO,   324187,RUA R9,VILA ITATIAIA,          0,Vl Itatiaia,686258.0,8163343.0
EM BRICE FRANCISCO CORDEIRO,   320523,RUA R34,VILA ITATIAIA,        191,Vl Itatiaia,686089.0,8163830.0
CMEI TEMPO DE INFANCIA,   320583,AVE SAO JORGE,VILA JARDIM SAO JUDAS TADEU,          0,Vl Jardim S?úo Judas Tadeu,686928.0,8162016.0
EM JOÃO BRAZ,   320520,RUA SAO SALVADOR,VILA JARDIM SAO JUDAS TADEU,          0,Vl Jardim S?úo Judas Tadeu,686816.0,8161887.0
EM PROF DALISIA ELIZABETH MARTINS DOLLES,   320569,AVE FREI NAZARENO CONFALONI,LOTEAMENTO GOIANIA 2,          0,Lot Goi?ónia 2,686417.0,8161401.0
CMEI SETOR PERIM,   358644,RUA SP14,SETOR PERIM,          0,S Perim,681595.0,8158740.0
EM RUI BARBOSA,   329131,RUA P34,SETOR DOS FUNCIONARIOS,         40,S dos Funcion?írios,683803.0,8156550.0
ESCOLA ESPECIAL HELENA ANTIPOFF - APAE,   322680,RUA 255,SETOR COIMBRA,        628,S Coimbra,683189.0,8154559.0
CMEI SETOR AEROVIÁRIO I,   357627,RUA 14,BAIRRO DOS AEROVIARIOS,          0,Bro dos Aerovi?írios,681088.0,8156671.0
CENTRO COMUNITÁRIO E CRECHE SÃO PIO X,   352456,RUA SAO SALVADOR,VILA PARAISO,         41,Vl Para?¡so,683687.0,8157697.0
EM SANTA HELENA,   321166,AVE CURITIBA,VILA PARAISO,        400,Vl Para?¡so,683738.0,8157625.0
EM JOÃO DE PAULA TEIXEIRA,   321120,RUA 10,SETOR MARECHAL RONDON,         74,S Marechal Rondon,684145.0,8157224.0
CMEI VILA SANTA HELENA,   329237,RUA 15,VILA SANTA HELENA,          0,Vl Santa Helena,683326.0,8157595.0
CMEI VILA IZAURA,   329102,RUA 9,VILA ISAURA,         45,Vl Isaura,683029.0,8157228.0
EM DONA BELINHA,   329136,RUA 12,VILA ISAURA,         70,Vl Isaura,683126.0,8157224.0
EM FRANCISCO BIBIANO DE CARVALHO,   321040,RUA DOUTOR BENJAMIM LUIZ VIEIRA,SETOR CRIMEIA OESTE,          0,S Crim?®ia Oeste,684867.0,8158169.0
CMEI IRMA LIDIA,   329585,RUA 3,SETOR SAO JOSE,        225,Vl S?úo Paulo,681550.0,8157780.0
CMEI VILA SÃO JOSÉ,   357626,RUA NOSSA SENHORA CONCEICAO,SETOR SAO JOSE,          0,S S?úo Jos?®,681419.0,8157495.0
EM PADRE PELUGIO,   329541,RUA 611,SETOR SAO JOSE,        425,S S?úo Jos?®,681402.0,8157460.0
EM GERALDA DE AQUINO,   329580,RUA ANTONIO LISITA,BAIRRO CIDADE JARDIM,         20,Bro Cidade Jardim,680171.0,8155617.0
CMEI PARQUE ELDORADO DOESTE,   359381,RUA ELO3,PARQUE ELDORADO OESTE,          0,Prq Eldorado Oeste,669799.0,8154442.0
EM PARQUE ELDORADO OESTE,   329926,RUA ELO26,PARQUE ELDORADO OESTE,          0,Prq Eldorado Oeste,669626.0,8153625.0
EM PROFESSORA CLEONICE MONTEIRO WOLNEY,   329211,RUA D.CARLOTA JOAQUINA,SITIO DE R M DO CAMPUS,          0,Sir Mans?Áes do Campus,682152.0,8166996.0
EM DONA ROSA MARTINS PERIM,   358639,AVE PERIM,SETOR PERIM,        380,S Perim,681512.0,8158759.0
CMEI RESIDENCIAL ITAMARACA,   358650,RUA RIT3,RESIDENCIAL ITAMARACA,          0,Res Itamaraca,681284.0,8158363.0
CMEI SETOR PROGRESSO,   358644,RUA DOS CHAVANTES,VILA CLEMENTE,          1,Vl Clemente,682297.0,8158229.0
EM BALNEARIO MEIA PONTE,   321079,AVE CIRCULAR,JARDIM BALNEARIO MEIA PONTE,        450,Jd Balne?írio Meia Ponte,681753.0,8162368.0
CMEI JARDIM BALNEARIO MEIA PONTE,   353623,RUA MILAO,JARDIM BALNEARIO MEIA PONTE,          0,Jd Balne?írio Meia Ponte,681421.0,8162429.0
EM REGINA HELOU,   358638,RUA 21 DE ABRIL,VILA MARIA DILCE,        250,Vl Maria Dilce,681871.0,8159171.0
EM AMANCIO SEIXO DE BRITO,   321072,RUA MILAO,JARDIM BALNEARIO MEIA PONTE,         91,Jd Balne?írio Meia Ponte,681362.0,8162412.0
EDUCANDARIO AFRÂNIO DE AZEVEDO,   321036,AVE MARECHAL RONDON,RESIDENCIAL MORUMBI,          0,Res Morumbi,683506.0,8158810.0
CEI - ESCOLA CRECHE SÃO DOMINGOS SIVIO,32550045,RUA S7,SETOR BELA VISTA,277,,685604.0,8150993.0
CENTRO DE ASSIST E ED. INF.  ANTÔNIO R. DO AMARAL,   357616,RUA DOS FERROVIARIOS,ESPLANADA DO ANICUNS,        556,Esp do Anicuns,0.0,0.0
CRECHE ESPIRITA MARIA DOLORES,   329561,RUA DOS FERROVIARIOS,ESPLANADA DO ANICUNS,        165,Esp do Anicuns,679730.0,8156489.0
CENTRO DE EDUC. INFANTIL NOSSA SENHORA DE NAZARE,   328559,PCA C2,BAIRRO JARDIM AMERICA,        542,Bro Jardim Am?®rica,682481.0,8153792.0
EM RENASCER,   321811,RUA RC-07,RESIDENCIAL REAL CONQUISTA,          0,Res Real Conquista,671749.0,8144031.0
CMEI MARCIA LORENA MENDES (ANTIGO VILA MUTIRAO II),   358156,RUA VMU,VILA MUTIRAO II,          0,Vl Mutir?úo I,675602.0,8161863.0
CMEI BRINCANDO E APRENDENDO,   320727,RUA UBERABA,JARDIM GUANABARA,          0,Jd Guanabara,689719.0,8160964.0
CENTRO DE EDUCACAO INFANTIL SONHO MEU,   325928,AVE T14,BAIRRO DA SERRINHA,       2071,Prq Amaz??nia,684509.0,8150465.0
EM IZABEL ESPIRIDIÃO JORGE,   328145,RUA SAO LUIZ,BAIRRO ALTO DA GLORIA,        499,Bro Alto da Gl??ria,687699.0,8151096.0
EM PROF. SALMOM GOMES FIGUEIREDO,   329711,RUA SAO DOMINGOS,BAIRRO IPIRANGA,        100,Bro Ipiranga,677813.0,8157092.0
EM RECANTO DO BOSQUE,   329277,RUA RB4,RESIDENCIAL RECANTO DO BOSQUE,          0,Res Recanto do Bosque,680619.0,8162970.0
EM PATRICIA RODRIGUES DE PAIVA,   320734,RUA MARIA ABADIA VIEIRA,RESIDENCIAL VALE DOS SONHOS,          0,Res Vale dos Sonhos,691032.0,8164029.0
EM ALONSO DIAS PINHEIRO,   358636,RUA TAMOIOS,VILA CLEMENTE,        100,Vl Clemente,682259.0,8158250.0
ESCOLA APEGO,   357923,RUA CASIMIRO DE ABREU,PARQUE ANHANGUERA,        660,Bro Anhang??era,681153.0,8150438.0
CMEI DR  ELIZABETH PINTO RIBEIRO,   328031,RUA ANHANGA,PARQUE AMAZONIA,          0,Prq Amaz??nia,683853.0,8149397.0
EM DR. NICANOR DE ASSIS ALBERNAZ,   329683,RUA ALPHA14,LOTEAMENTO ALPHAVILLE RESIDENCIAL,        333,Lot Alphaville Residencial,673213.0,8149922.0
CEI ASSOC PROJETO CRIANÇA JESUS DE NAZARÉ,   321032,VIA DE ACESSO 6,GRANJA CRUZEIRO DO SUL,         74,Grj Cruzeiro do Sul,683252.0,8159644.0
EM MARECHAL CASTELO BRANCO,   320784,RUA GB48,JARDIM GUANABARA III,          0,Vl Militar,689475.0,8162137.0
EM PAULO TEIXEIRA DE MENDONCA,   356513,RUA TRES MARIAS,SETOR NEGRAO DE LIMA,          0,S Negr?úo de Lima,687648.0,8157684.0
CMEI JARDIM NOVA ESPERAÇA,   329382,AVE COMERCIAL,JARDIM NOVA ESPERANCA,          0,Jd Nova Esperan?ºa,678530.0,8158948.0
EM MÔNICA DE CASTRO CARNEIRO,   320638,AVE CRISTOVAO COLOMBO,JARDIM NOVO MUNDO,        539,Jd Novo Mundo,690229.0,8155989.0
EM JOÃO CLARIMUNDO DE OLIVEIRA,   328425,RUA 3,BAIRRO AGUA BRANCA,        111,Bro ?ügua Branca,689535.0,8153258.0
EM BENEDITA LUIZA DA SILVA DE MIRANDA,   328173,RUA 1058,SETOR PEDRO LUDOVICO,        171,S Pedro Ludovico,686788.0,8151044.0
EM ITAMAR MARTINS FERREIRA,   325525,RUA T65,SETOR BELA VISTA,         45,S Bela Vista,685618.0,8150899.0
EM FREI DEMETRIO ZANQUETA,   327564,- -,SETOR PEDRO LUDOVICO,        241,S Pedro Ludovico,685953.0,8150599.0
EM JESUINA DE ABREU,   328031,RUA IGARITE,PARQUE AMAZONIA,         50,Prq Amaz??nia,683895.0,8149074.0
EM ANTÔNIO FIDELIS,   328033,AVE JOSE RODRIGUES DE MORAIS NETO,PARQUE AMAZONIA,        499,Prq Amaz??nia,683665.0,8149553.0
EM CEL. SALOMÃO CLEMENTINO DE FARIA,   329586,RUA 12,SETOR SAO JOSE,        914,S S?úo Jos?®,680985.0,8157320.0
EM SANTA TEREZINHA,   356551,ROD GO80,CHACARA BOM RETIRO,          0,Ch Bom Retiro,687755.0,8168492.0
EM PROFESSOR NADAL SFREDO,   329819,RUA VMS,JARDIM LIBERDADE,          2,Jd Liberdade,676149.0,8162027.0
EM MANOEL JOSÉ DE OLIVEIRA,   325567,AVE T14,SETOR BUENO,        560,Bro da Serrinha,685102.0,8150557.0
EM VITOR HUGO LUDWIG,   357616,RUA FORMOSA,BAIRRO CIDADE JARDIM,        450,Bro Cidade Jardim,679584.0,8155613.0
EM PROFESSOR TRAJANO DE SA GUIMARÃES,   325920,AVE T15,PARQUE AMAZONIA,       2155,Prq Amaz??nia,684514.0,8150380.0
EM GEORGETA RIVALINO DUARTE,   328776,RUA GENERAL CUNHA MATTOS,VILA MAUA,        455,Vl Mau?í,679525.0,8152904.0
CMEI DRA. MARIZETE FERNANDES DE CASTRO CARVALHO,35243448,AVE COMERCIAL,BAIRRO DA VITORIA,0,,676193.0,8163985.0
CMEI JARDIM GOIÁS,   328173,RUA 5,JARDIM GOIAS,          0,Jd Goi?ís,687435.0,8153375.0
CENTRO DE EDUCACAO INFANTIL EFRATA,   324187,RUA 1107,SETOR PEDRO LUDOVICO,          0,S Pedro Ludovico,0.0,0.0
CMEI ALTO DA GLÓRIA,   327813,RUA SAO LUIZ,BAIRRO ALTO DA GLORIA,          0,Bro Alto da Gl??ria,687721.0,8151084.0
CMEI PARQUE AMAZÔNIA,   354825,PCA CORONEL INACIO ELIAS BUFAICAL,PARQUE AMAZONIA,          0,Prq Amaz??nia,683327.0,8148564.0
CMEI VILA REDENCAO,   328241,AVE JARDIM BOTANICO,VILA REDENCAO,          0,Vl Reden?º?úo,687228.0,8150110.0
CMEI VILA AREIAO,   324227,RUA PL6,LOTEAMENTO AREIAO I,          0,Lot Arei?úo I,686969.0,8152900.0
CEI - LAR ESPIRITA CANUTO DE OLIVEIRA,   323360,VLA RIO GRANDE DO SUL,SETOR CAMPINAS,        273,S Campinas,682431.0,8156378.0
CENTRO DE EDUCAÇÃO INFANTIL AUTA DE SOUZA,   329384,RUA DOMINGOS VIGIANO,BAIRRO CIDADE JARDIM,        252,Bro Cidade Jardim,680056.0,8155765.0
CENTRO DE EDUCACAO INFANTIL SOU FELIZ,   328902,RUA CD9,CONJUNTO CACHOEIRA DOURADA,          0,Cjr Cachoeira Dourada,678781.0,8150344.0
CRECHE LUIGINA,   320534,AVE SAO JORGE,VILA JARDIM SAO JUDAS TADEU,       1033,Vl Jardim S?úo Judas Tadeu,687103.0,8162073.0
CMEI VILA MONTECELLI,   320340,RUA SENADOR ANTONIO MARTINS BORGES,SETOR CRIMEIA LESTE,          0,Vl Monticelli,686705.0,8158244.0
EM ORLANDO DE MORAIS,32070302,RUA OM21,RESIDENCIAL ORLANDO MORAIS,0,,684740.0,8169565.0
CMEI ÁGUA BRANCA,   328430,AVE B,BAIRRO AGUA BRANCA,          0,Bro ?ügua Branca,689566.0,8153280.0
CMEI ORLANDO ALVES CARNEIRO,   329211,AVE MATO GROSSO,SETOR CAMPINAS,       1623,S Centro Oeste,682943.0,8156061.0
CMEI VILA MAUA,   328770,RUA GENERAL CUNHA MATTOS,VILA MAUA,          0,Vl Mau?í,679522.0,8152849.0
CMEI PROFESSORA IACY ALBA ROCHA FERREIRA LIMA,   329558,RUA 15,BAIRRO DOS AEROVIARIOS,          0,Bro dos Aerovi?írios,680966.0,8156567.0
CMEI VILA SANTANA,   329109,AVE SERGIPE,SETOR CAMPINAS,          0,S Campinas,682301.0,8157027.0
EM JOSÉ CARLOS PIMENTA,   321460,GO 80,DISTRITO DA VILA RICA,          0,Dis Vila Rica,691601.0,8179156.0
CENTRO DE OR. REAB. E ASS. AO ENCEFALOPATA CORAE,   325103,VLA T3,SETOR BUENO,        114,S Bueno,682690.0,8153785.0
CMEI CONSUELO NASSER,   357825,RUA AC5,RESIDENCIAL ANA CLARA,          0,Res Ana Clara,674068.0,8143981.0
CMEI PADRE VITALIS,   320335,RUA 231,VILA MONTICELLI,          0,Lot Manso Pereira,686445.0,8157834.0
CMEI PROFESSORA ALZIRA DE OLIVEIRA ALVES,   329679,RUA NAVARRA,JARDIM EUROPA,          0,Jd Europa,680293.0,8149515.0
CENTRO DE EDUC. INFANTIL ESPIRITA VOVÓ ISLENA,   351723,RUA 18 DE OUTUBRO,SETOR ESTRELA DALVA,          0,S Estrela Dalva,0.0,0.0
CMEI RESIDENCIAL ORLANDO DE MORAES,35894718,RUA OM24,RESIDENCIAL ORLANDO MORAIS,0,,684754.0,8169631.0
CMEI NOSSA SENHORA APARECIDA,   359313,RUA BS10,BAIRRO SAO DOMINGOS,          0,,677522.0,8166867.0
CENTRO DE EDUCAÇO INFANTIL EVANGELICA EL-SHADD,   328873,AVE DIAMANTE NEGRO,CONDOMINIO DAS ESMERALDAS,        320,S das Esmeraldas,675259.0,8143836.0
EM PROFESSORA MARIA NOSIDIA PALMEIRAS DAS NEVES,   329227,RUA CELESTE BAIOCCHI,RESIDENCIAL BARRAVENTO,          0,Res Barravento,680823.0,8161460.0
EM JOÃO ALVES DE QUEIROZ,   357555,RUA EF9,RESIDENCIAL ELI FORTE,          0,Res Eli Forte,675560.0,8149016.0
EM SETOR GRAJAU,   358861,RUA G1,SETOR GRAJAU,          0,S Graja??,674561.0,8146319.0
EM GRANDE RETIRO,   320841,RUA GR20,LOTEAMENTO GRANDE RETIRO,          0,Lot Grande Retiro,693969.0,8156072.0
CEI - LAR DE MATILDE,   320430,RUA UBURANA,BAIRRO SANTA GENOVEVA,         44,Bro Santa Genoveva,687436.0,8159377.0
EM JARDIM NOVO MUNDO,   320647,RUA MISSISSIPE,JARDIM NOVO MUNDO,          0,Jd Novo Mundo,689854.0,8155328.0
CMEI PRESIDENTE COSTA E SILVA,   328145,RUA R10,VILA REDENCAO,        131,Vl Reden?º?úo,687392.0,8151042.0
CMEI VIVER A INFÂNCIA (ANTIGO IEG),   320223,AVE QUINTA AVENIDA,SETOR LESTE VILA NOVA,        279,S Leste Vila Nova,687252.0,8156342.0
CMEI RECANTO DO SABER,   327383,RUA ADEMAR DE BARROS,VILA MARIA LUIZA,          0,Vl Maria Luiza,689831.0,8154408.0
EM JARDIM AMÉRICA,,RUA C160,BAIRRO JARDIM AMERICA,       1310,Bro Jardim Am?®rica,682285.0,8150413.0
CEI WEMERSON RODRIGUES BERNARDES,   321460,GO 80,DISTRITO DA VILA RICA,          0,Dis Vila Rica,691566.0,8179167.0
CRECHE ESPIRITA RAIO DE LUZ,    29730,RUA SAO TIAGO,JARDIM PETROPOLIS,        470,Jd Petr??polis,677678.0,8157155.0
EM RESIDENCIAL BUENA VISTA,   357754,RUA POUSO ALEGRE,RESIDENCIAL BUENA VISTA IV,          0,Res Buena Vista IV,670922.0,8150888.0
CMEI RESIDENCIAL BUENA VISTA,   329679,RUA JOAO AMORELLI,RESIDENCIAL BUENA VISTA I,          0,Res Buena Vista I,669766.0,8150065.0
EM HEBERT JOSE DE SOUZA,   321072,AVE GENESIO DE LIMA BRITO,JARDIM BALNEARIO MEIA PONTE,       7407,Jd Balne?írio Meia Ponte,682662.0,8161267.0
CENTRO DE EDUCACAO INFANTIL MARIA GENOVEVA,   326417,AVE BRASIL,BAIRRO SANTA GENOVEVA,        856,Bro Santa Genoveva,688313.0,8160268.0
CRECHE SANTA RITA DE CASSIA,   322347,RUA 17A,SETOR AEROPORTO,        111,S Aeroporto,684472.0,8156606.0
CMEI CIRANDA,   358622,RUA 11 DE JUNHO,VILA MARIA DILCE,          0,Vl Maria Dilce,681837.0,8159401.0
ASSOCIAÇAO AGAPE-CRECHE FILANTROPICA,   309522,RUA 70,SETOR CENTRAL,        222,S Central,685674.0,8156301.0
CMEI JARDIM COLORADO,   320784,RUA SC17,JARDIM COLORADO,          0,Jd Colorado,677816.0,8160405.0
CEI SERAFIM RODRIGUES  DE MORAES FILHO,   357803,RUA JOAQUIM ALVES RIBEIRO,LOTEAMENTO SOLANGE PARQUE I,        196,Lot Solange Parque I,675036.0,8152836.0
CMEI DEPUTADO SOLON BATISTA AMARAL,   328221,RUA DO COMERCIO,VILA JARDIM VITORIA,        199,Vl Jardim Vit??ria,689377.0,8150387.0
CMAI MARIA THOME NETO,   352456,RUA C165,BAIRRO NOVA SUICA,          0,Bro Nova Sui?ºa,683890.0,8151127.0
CMEI JARDINS DO CERRADO I,   329413,RUA AMOR-PERFEITO,RESIDENCIAL JARDINS DO CERRADO 1,          0,Res Jardins do Cerrado 1,668813.0,8156726.0
EM JARDINS DO CERRADO I,35777225,RUA DA LIBERDADE,RESIDENCIAL JARDINS DO CERRADO 1,0,,668950.0,8156635.0
CMEI PEDRO LUDOVICO,0,RUA SANTA CRUZ,SETOR PEDRO LUDOVICO,0,,686028.0,8150617.0
CMEI PARQUE TREMENDAO,0,RUA ANTONIO ELIAS DE SOUZA,SETOR PARQUE TREMENDAO,0,,678451.0,8162379.0
CMEI ORIENTE VILLE,0,RUA JOAQUIM CANDIDO DA SILVA,SETOR ORIENTVILLE,0,,675307.0,8147277.0
CMEI SOLANGE PARK II,35582382,RUA DONA CHIQUITA,LOTEAMENTO SOLANGE PARQUE II,0,,675466.0,8152477.0
CMEI VILLAGE ATALAIA,0,RUA VA6,VILLAGE ATALAIA,1,,685904.0,8164819.0
CMEI VALE DOS SONHOS,32648133,RUA VS08,RESIDENCIAL VALE DOS SONHOS II,0,,690295.0,8163425.0
CMEI RESIDENCIAL REAL CONQUISTA,35244619,RUA RC-52,RESIDENCIAL REAL CONQUISTA,0,,671805.0,8144370.0
CMEI HUGO DE MORAIS,35866449,RUA HM10,RESIDENCIAL HUGO DE MORAES,0,,682227.0,8160234.0
CMEI JARDIM CONQUISTA,0,RUA GOIAS,JARDIM CONQUISTA,0,,692763.0,8156234.0
EM TROPICAL VILLE,0,RUA JR7,LOTEAMENTO TROPICAL VILLE,0,,672619.0,8158139.0
EM SOLAR VILLE,0,RUA AGRONOMO JOAQUIM BATISTA,RESIDENCIAL SOLAR VILLE,0,,674882.0,8160735.0
